First Name,Last Name
Chirstian,Koblick

Kish,Munawer

Lech,Babb

Gladys,Litecky

Remco,Dulin

Xuejun,Coullard

Moon,Hegner

Susanta,Rebaine

Rafael,Ouhyoung

Martins,Trystram

Mizuhito,Duclos

Weiru,Soloway

Conrado,Cooman

Lein,Sooriamurthi

Mamdouh,Klassen

Unal,Azadmanesh

Shigeaki,Chorvat

Arun,Shokrollahi

Ult,Azadmanesh

Fumiya,Eickenmeyer

Xuejia,Saoudi

Huei,Kropatsch

Gregory,Chenney

Shigeu,Ladret

Jaewoo,Solares

Domenick,Lieberherr

Masato,Picaronny

Zdislav,Perl

Munir,Brobst

Shir,Landherr

Xinyu,Ruemmler

Renee,Pargas

Emdad,Mandell

Shimshon,Melski

Berto,Piancastelli

Randi,Marakhovsky

Jayson,Ozeki

Ekawit,Keohane

Adin,Zaumen

Shaibal,Range

Deborah,Luon

Elgin,Emiris

Dekang,Hanabata

Rafols,Vrecion

Becky,Zielinski

Kannan,Irland

Almudena,Ravishankar

Leaf,Denti

Oddvar,Tokunaga

Breannda,Staelin

Halsur,Vitiello

Hatem,Lorin

Tamiya,Rahimi

Van,Negoita

Eben,Kusakabe

Nadjib,Munos

Rimon,Rossi

Krister,Bellmore

Hilari,Karcich

Maha,Cronau

